Application;Neck
CSD;26/22 mm 30.41 GME
CSD;26/22 mm 30.37 GME
CSD;PCO 1810
CSD;PCO 1810 LIGHT
CSD;PCO 1881
CSD;PCO 1881 LIGHT
CSD;PCO 1873
CMW;26/22 mm 30.41 GME
CMW;26/22 mm 30.37 GME
CMW;PCO 1810
CMW;PCO 1810 LIGHT
CMW;PCO 1881
CMW;PCO 1881 LIGHT
CMW;PCO 1873
SMW;26/22 mm 30.41 GME
SMW;26/22 mm 30.37 GME
SMW;PCO 1810
SMW;PCO 1810 LIGHT
SMW;PCO 1881
SMW;PCO 1881 LIGHT
SMW;PCO 1873
CSD Refillable;28 mm PCO 1810 REF
Edible Oil;26/21 mm OIL
Edible Oil;29 mm PER OIL
Edible Oil;38 mm BERICAP 3 LEADS
Edible Oil;38mm BERICAP 2 LEADS
SMW;38mm BERICAP 3 LEADS
SMW;38mm BERICAP 2 LEADS
DAIRY;38mm BERICAP 3 LEADS
DAIRY;38mm BERICAP 2 LEADS
Edible Oil;48mm BERICAP 3 LEADS
SMW;48mm BERICAP 3 LEADS
CSD;29mm CORONA
CSD;26mm CORONA
FOOD;120mm NECK FINISH
FOOD;110mm SP 400
FOOD;100 mm SP 400
FOOD;89mm SP400
FOOD;73 mm SP400 2-LEAD
FOOD;70mm SP400
FOOD;63mm SP400
FOOD;53mm SP 400
FOOD;48mm SP 400
FOOD;L45 SP400
FOOD;45mm SP400 M
FOOD;38 mm SP 400 M
FOOD;38 mm SP 400
FOOD;33 mm SP 400
FOOD;33mm SP 400 M
FOOD;30 mm SP 410
FOOD;30 mm SP 400
FOOD;28 mm SP 410
FOOD;28 mm SP 400
FOOD;27 mm SP 410
FOOD;24 mm SP 410
FOOD;20 mm SP 410
FOOD;M89 SP400
FOOD;M70 SP400
FOOD;M63 SP400
FOOD;M53 SP400
CSD;30/25 mm NOVEMBAL
CSD;30/25 mm NOVEMBAL LIGHT
CSD;267-NOVEMBAL
CSD;267 NOVEMBAL LIGHT
SMW;30/25 mm NOVEMBAL
SMW;30/25 mm NOVEMBAL LIGHT
SMW;267-NOVEMBAL
SMW;267 NOVEMBAL LIGHT
CMW;30/25 mm NOVEMBAL
CMW;30/25 mm NOVEMBAL LIGHT
CMW;267-NOVEMBAL
CMW;267 NOVEMBAL LIGHT
HF;267-NOVEMBAL HOT-FILL
SMW;29/25
SMW;26mm GRAVITY 2
CMW;29/25
CMW;26mm GRAVITY 2
Edible Oil;29/25mm SHORTY
Edible Oil;26mm GRAVITY 2
CSD;28mm CORVAGLIA
SMW;28mm CORVAGLIA
CMW;28mm CORVAGLIA
CMW;26mm CORVAGLIA
SMW;26mm CORVAGLIA
Edible Oil;55 SNAP
Returnable;55 mm FOR PUSH CAP
OTHER;55mm 3 LEADS
OTHER;63mm 4 LEADS
OTHER;63mm 3 LEADS
OTHER;63mm 2 LEADS
OTHER;63mm SINGLE LEAD
HF;63mm 4 LEADS HOT FILL
HF;33mm 2 LEADS HOT FILL
HF;38mm 2 LEADS HOT FILL
HF;38mm 2 LEADS LIGHT HOT FILL
Edible Oil;24 mm SNAP FLANGE
Edible Oil;26mm SNAP FLANGE
Edible Oil;28mm SNAP FLANGE
Edible Oil;29 mm SNAP FLANGE
Edible Oil;32mm SNAP FLANGE
Edible Oil;33mm SNAP FLANGE
Edible Oil;41mm SNAP FLANGE
Edible Oil;44mm SNAP FLANGE
Edible Oil;45mm SNAP FLANGE
Edible Oil;48mm SNAP FLANGE
Edible Oil;51mm SNAP FLANGE
Edible Oil;54 mm SNAP FLANGE
Edible Oil;55mm SNAP FLANGE
Edible Oil;56mm SNAP FLANGE
Edible Oil;57mm SNAP FLANGE
Edible Oil;60mm SNAP FLANGE
Edible Oil;75mm SNAP FLANGE
Edible Oil;78mm SNAP FLANGE
Edible Oil;89mm SNAP FLANGE
PHARMACEUTICAL;120mm NECK FINISH
PHARMACEUTICAL;110mm SP 400
PHARMACEUTICAL;100 mm SP 400
PHARMACEUTICAL;89mm SP400
PHARMACEUTICAL;73 mm SP400 2-LEAD
PHARMACEUTICAL;70mm SP400
PHARMACEUTICAL;63mm SP400
PHARMACEUTICAL;53mm SP 400
PHARMACEUTICAL;48mm SP 400
PHARMACEUTICAL;L45 SP400
PHARMACEUTICAL;45mm SP400 M
PHARMACEUTICAL;38 mm SP 400 M
PHARMACEUTICAL;38 mm SP 400
PHARMACEUTICAL;33 mm SP 400
PHARMACEUTICAL;33mm SP 400 M
PHARMACEUTICAL;30 mm SP 410
PHARMACEUTICAL;30 mm SP 400
PHARMACEUTICAL;28 mm SP 410
PHARMACEUTICAL;28 mm SP 400
PHARMACEUTICAL;27 mm SP 410
PHARMACEUTICAL;24 mm SP 410
PHARMACEUTICAL;20 mm SP 410
PHARMACEUTICAL;M89 SP400
PHARMACEUTICAL;M70 SP400
PHARMACEUTICAL;M63 SP400
PHARMACEUTICAL;M53 SP400



